слово,сколько раз,пример 1,пример 2,пример 3
teker,54,"Kia optima ( amerikanka )  Ehtiyyat təkər dəsti",Lassa təkər,Təkər diskləri
mator,53,Mator,Hyundai Sonata 2005 mator lazimdi 3.3,MATOR PRAKLATKA
eylec,23,Qabaq eylec disqaver,Qabaq Əyləc qəlibi,Əyləc sisteminin baçokdan ABS-ə gedən trupka
disk,22,19 disk,Audi üçün 19-luq yaxşı disk axdarram,Qabaq Pauk disk
yagi,20,Transmissiya yagi,5w40  motor yağı Meguin,Orginal mercedesin oz yagı 5w40
suse,19,Şofer tərəf şüşə qaldırıb salan tros,Şüşə silənin su baçoku,Şofer tərəf şüşə qaldırıb salan tros
dacciki,19,Təkər daççiki 4 ədəd,Jeep Grand Cherokee 199-2004 V8 4.7 .. •kalinvalin dacciki• ,təkərin hava daççiki
surucu,18,Sol sürücü tərəf poduska,Kia sportage arxa təkərin ön bruzqoviki. Sürücü tərərf,Qabaq sürücü tərəf Vetravlik axtarıram qara rəng
orjinal,17,Kolenvalın şkuvi lazımdır. Orjinal OEM kod: 55491270 göstəri,Toyota camry 2014 zavod manitor lazımdır. Üstdən çıxma yaxud,Ön sağ stupitsya orjinal mal ve qarantili
trosu,17,Ruçnoy sağ trosu,Qaz trosu zaslonkaya geden hisse,Hyundai Sonata 2004 modelinə Əl əyləcin ( rucnoyun ) trosu
kuza,16,30 kuza JBL manitoe,Nissan Sunny N18 kuza Dumannı 2 ədəd,Prado 120 kuza 4 mator 2005 ci ile  meslehetli yağ ve yağ fi
karobka,15,Volkswagen passat b6 2.0 fsi sade karobka,Mator və karobka,Bmw e46 2.8 karobka
datciki,15,Teker datciki,Ölü zona datciki,Karobkanın datçiki
matorun,15,"Byd qin plus 2024 matorun beyni 14826066-00 kod",Matorun remkomplekti,Matorun üst krişkası
bacoku,15,Şüşə silənin su baçoku,Şüşə silənin su baçoku,Kia ceed su baçoku
axtariram,14,Salam abarth 500 2015 arxa stupsiyalarini axtariram.,Kia cerato 2 DOCH mator servis keyfiyyetli mator yağ axtarir,Diskin orta kalpağı axtarıram 1 ədəd
karopka,14,Beyin kart dsg karopka üçün,Karopka beyni,Karopka vs mator
sorento,14,"Kia Sorento.2017.dizül Əl tormuzu düyməsi",Sorento 2004 üçün diskin ortasındakı balaca qapaq. Qeyd edim,Sorento 2004 üçün diskin ortasındakı balaca qapaq. Qeyd edim
daciki,14,"Xolostoy xodun daciki lazimdi dacik kodu 22270-28010 Masin ",Evap daçiki toyota prius v 2012,Tekerin daciki  lazmdi 1 eded
bloku,14,2009 hyundai sonata sistem bloku,Arxa sam bloku,"Karopka beyni(bloku) 01M 927 733 LL - kod iknci şəkil nümu"
diski,13,R18  amg diski 5 ulduz  arxa diski içəri olan,R18  amg diski 5 ulduz  arxa diski içəri olan,Mersedes c230 2007 pauk diski qabağ üçün
hava,13,təkərin hava daççiki,Kia rio hetcbek amerikanka hava filtirinin qabı lazımdı,İsti və soyuğu tənzimləyən sürücü tərəf tarpedanın altında g
beyin,12,Beyin kart dsg karopka üçün,Beyin. Blok. Təmir olunmur. İşlənmiş və ya təzəsi lazımdı.,Beyin
motor,12,Kia Forte 2015 Amerikanka 1.8 doch benzin motor arxalıq lazı,Motor üst kiriska Hynday Elantra,Motor poduşka
yaxsi,12,Audi üçün 19-luq yaxşı disk axdarram,"Təkər Ölçüsü 195 60 R13  195 60 R13 Təkər Lazımdır. Yaxşı T",Opornu arxa qabaq OEM yaxud yaxşı firma
tekerin,12,Kia sportage arxa təkərin ön bruzqoviki. Sürücü tərərf,təkərin hava daççiki,Təkərin datçiki
sekilde,12,Şəkildəki arxa 4 çəkənin tezimleyici işə salan qurğudu siste,sekilde gosterilen hisse ( arxa terefdi),Şəkildə göstərilən iki hissə lazımdı.
qapagi,11,Klemanin qapagi,Akamulatorun klemasinin qapagi 2011-2013 grandeur azera,Akumlyatorun musbet yukunun qapağı
hisse,11,Qaz trosu zaslonkaya geden hisse,Salam .. mühərikin yastığı yuxarı görünən hissə sağ tərəfdə ,karopkanın arxa salnki  kardanın karopkaya daxil oldqu hissə
hunday,10,Hunday i30,Mənə hunday avante nin dumanı patronu lazımdı üsd,Hunday accent 2002 qabaq amarzatoru lazımdı texpasport siste
olsun,10,Kiya riyo 2008 on pabires  lazimdi sadə zavod olsun fiyaletv,Kiya riyo 2008 on pabires  lazimdi sadə zavod olsun fiyaletv,Mene rolun bu hissesi lazimdi siqnali iwlermir ve bu rengde 
sensoru,10,Oksigen  sensoru,"Kia carnival 2017 üçün qabaq park sensoru. 95720-A9500 ABP",oksigen sensoru
evap,10,Evap daçiki toyota prius v 2012,EVAP Audi A3 e-tron 2017,Evap
matoru,10,Ön şüşənin su vuran matoru,Rucnoyun matoru,2.4 camry matoru lazimdi
sport,10,"Hyundai Elantra Sport 2018  Gdi nasos (TMVD)  353202B260",Sport pujunlar sertifikatla,Michelin pilot sport 4 EV 245/45/R19
dumanni,9,"Sportage   Qabaq dumannı",Nissan Sunny N18 kuza Dumannı 2 ədəd,Hyundai santa fe maxcruz 2016 Dumannı
датчик,9,Датчик католизатора,Лямбда датчик,"Датчик АБС передний ле      АБС датчик передний левый "
diskleri,9,Təkər diskləri,Qabaq əyləc diskləri,Kia cerato 2015  full’un diskleri
komplekt,9,Kia optimaya bqrzavik 1 komplekt,Sep bawmaq zbor komplekt,1.6 litrlik benzin mükərrik lazımdır. Komplekt
beyni,9,"Byd qin plus 2024 matorun beyni 14826066-00 kod",Karopka beyni,"Karopka beyni(bloku) 01M 927 733 LL - kod iknci şəkil nümu"
rezinleri,9,Stalbizatorun rezinleri,Hundai Tucson panoramik lukun yan rezinləri,Yayların alt və üst rezinləri
zbor,9,Sep bawmaq zbor komplekt,Karopqa zbor,konsaner turupkasi zbor
rucnoy,9,Ruçnoy sağ trosu,Curuze 2012 Rucnoy Turosu arxa,"Əl əyləci (ruçnoy)  E36 kupe üçün"
motoru,9,Pecin motoru N63,Rulevoyun motoru,Su motoru
lukun,9,Hyundai santafe 2016 lukun susesi,Hundai Tucson panoramik lukun yan rezinləri,Salam  Hunday Santafe 2015 reysatlink  2 diziel Lukun Arxa Ş
qeyd,9,Prado 120 kuza 4 mator 2005 ci ile  meslehetli yağ ve yağ fi,E60  M5 e Kimde ne var ? Vin qeyd olunub tesviri olaraq,Sorento 2004 üçün diskin ortasındakı balaca qapaq. Qeyd edim
qiymete,9,F10 tnvd si en munasib qiymete kimde var,Disk  R16 dordgoz uçun normal qiymete.,235/40/19 munasib qiymete teker lazimdi
kodu,9,"Xolostoy xodun daciki lazimdi dacik kodu 22270-28010 Masin ","Actuator turbina lazimdi sekil qoymosam  Vin kodu budu H76W","Sağ kırlo lazımdı, ağ mirvari rəng, rəngin kodu SWP WK"
kriskasi,9,Motorun Ust Kriskasi,Mühərikin üst krişkası,Rolun alt krişkası kia optima 2012
kollektor,9,land rover discovre kollektor,Kollektor,"Giriş-Çıxış Kollektor Prokladka 1717302030 1717115030"
karopkanin,9,karopkanın arxa salnki  kardanın karopkaya daxil oldqu hissə,karopkanın arxa salnki  kardanın karopkaya daxil oldqu hissə,Most ve karopkanin publiki
lazmdi,9,Santafeye benson lazmdi,Santafe 2010 du lupali  ledli dumanli lazmdi cerimesi olmaya,Salam  Hunday Santafe 2015 reysatlink  2 diziel Lukun Arxa Ş
stupsiya,9,Qabaq sol stupsiya,Arxa sağ stupsiya,"Sol təkər Stupsiya, original"
teze,9,Salyarka nasosundan reykaya gedən yanacaq dəmir turupka. Təz,"Mənə val lazımdır, təzə yox işlənmiş val bmw 528 n20 mator",Multi rulu üçün knopkalar təzə
astra,9,Opel astra h 1.4 egr,Opel astra g 1999 eylec naklatqası arxa,Opel astra g bu Kdda olan beyin lazim.
zavod,8,"Zavod Oturacağın üzlüyü köhnədə olsa olar,cırılan hissəyə ya",Kiya riyo 2008 on pabires  lazimdi sadə zavod olsun fiyaletv,Toyota camry 2014 zavod manitor lazımdır. Üstdən çıxma yaxud
olsa,8,"Zavod Oturacağın üzlüyü köhnədə olsa olar,cırılan hissəyə ya",nakonecnik Ctr firmasi ile asagi teklif eden olsa shargmotor,Eyni reng olsa yaxsidi
rezini,8,Balka rezini orginal cut,Kia sportage matarun üst krişka rezini,Arxa yayların üst və alt rezini
niva,8,Mawın sükanı Niva üçün,İsotta (marka niva),Salam niva qabaq mostu lazımdır
nasos,8,Kia rio 2012 gdi nasos,"Hyundai Elantra Sport 2018  Gdi nasos (TMVD)  353202B260",Gida nasos
blok,8,Beyin. Blok. Təmir olunmur. İşlənmiş və ya təzəsi lazımdı.,Beyin. Blok. Təmir olunmur. İşlənmiş və ya təzəsi lazımdı.,Kreslo qızdırıcı soyuducu blok(beyin) lazımdır
motorun,8,Motorun poduşkası,Motorun Ust Kriskasi,Motorun üst krışkası lazımdır (içi qubkalı)
kriska,8,Kia sportage matarun üst krişka rezini,"Üst krışka prokladkası ( Mahle, Swag, BMW Group)",059103469DE. Ust krışka
firmasi,8,nakonecnik Ctr firmasi ile asagi teklif eden olsa shargmotor,Hella firmasi original tezesi lazimdir Mercedes Vito 2013 uc,Tyaqa orjinal ve ctr firmasi ile
rucnoyun,8,Rucnoyun ayaq rezinu lazimdir- detal 597112S100,Rucnoyun matoru,Hyundai Sonata 2004 modelinə Əl əyləcin ( rucnoyun ) trosu
olur,8,"Bu neden olur?  Power Steering Malfunction Visit Your Dea",Kondisionerin  kompresorunun datciki . Kompresorun arxasinda,Kondisionerin kompresorunun kappani. Kompresorun arxasinda o
sistemi,8,Arxa asqi sistemi,Şəkildəki arxa 4 çəkənin tezimleyici işə salan qurğudu siste,bmw F30 ucun 340i exhaust sistemi bolt-on baglana bilsin
uygun,8,Vozduxomer lazımdır uyğun olan,En uygun giymete olan,Sağ tərəf lazımdı şəkildə qeyd olunan kimi işlənmişi olsada 
qiymetini,8,Sağ dumanı lupası qiyməti və bilefin qiymətini göndərə bilər,Arxa qabaq original naklatqalarin qiymetini bilmek isteyirem,Chevrolet malibu 2013 2.4 l benzin karopka beyninin qiymətin
prado,7,2018 Prado Üçün vetravlik,Prado 120 kuza 4 mator 2005 ci ile  meslehetli yağ ve yağ fi,"2005 prado üçün qalofka lazımdır. JTEBK29J450015582"
kondisoner,7,Kondisoner,"Land Rover discovery 2008 Hissə - kondisoner radiyatır",Kondisoner komressorunun datçiki ve ştekiri.
hissesi,7,Mene rolun bu hissesi lazimdi siqnali iwlermir ve bu rengde ,"Toyota Land Cruiser Proda 2006, 2,7l benzin avtomobilinə. Ra","Toyota Land Cruiser Proda 2006, 2,7l benzin avtomobilinə. Ra"
sensor,7,Oxygen sensor ​Denso dox-0209,Salam aleykum mene brake sensor lazimdi front rear JN8AY3NY5,Sorento 2007     CKP sensoru (Crankshaft Position Sensor)
manitor,7,Toyota camry 2014 zavod manitor lazımdır. Üstdən çıxma yaxud,manitor,Manitor orjinal Limited Manitor
cixma,7,Toyota camry 2014 zavod manitor lazımdır. Üstdən çıxma yaxud,Antifreez qapağı lazımdı üstən çıxma,mene (usten cixma) orjinal udar ve zədə gormeyen sol kirla l
sekildeki,7,"sekildeki disk, yeni veya ela veziyyetde islenmis 4 veya 5 e",Şəkildəki arxa 4 çəkənin tezimleyici işə salan qurğudu siste,Niva urban üçün Kondisaner qaz turbası lazımdır şəkildəki ki
basligi,7,Su vuranin basligi,Niva urban üçün Kondisaner qaz turbası lazımdır şəkildəki ki,Suvuranların başlığı.
susenin,7,Ön şüşənin su vuran matoru,Ön susenin sag kunc su oturucusu,"Wolksvagen Jetta 2010 MK5  Yan sağ şüşənin endirib qaldıran"
alisdirma,7,Tiida 1.5l 2011 Alışdırma şamı,Alışdırma şamı,Salam sizdə orginal alışdırma şam var? O
gedir,7,hansı yağ gedir qiyməti neçəyədir,Kondisionerin  kompresorunun datciki . Kompresorun arxasinda,"Karobka platasının davleniya daççiki,daçik A gedir adı"
dumanli,7,On sağ dumanli açkisi,Santafe 2010 du lupali  ledli dumanli lazmdi cerimesi olmaya,Sağ tərəf qabag dumanlı ackisi
ehtiyat,7,Mövcud olan bütün ehtiyat hisseleri ile maraglaniram,Ehtiyat teker,Peredok üçün ehtiyat hissələri
tayota,7,Tayota Avensiz 2007 model üçün arxa amorzator və yaylar lazı,Tayota camry 2.4 mator kancanerin radiyatorun axtariram,Arxa sol sport tayota carolla
filtiri,6,Toyota camry 2010 2.4 yanacağ filtiri,Bezinnasosun filtiri,Yanacag filtiri
ehtiyyat,6,"Kia optima ( amerikanka )  Ehtiyyat təkər dəsti","Kia optima ( amerikanka )  Ehtiyyat təkər dəsti","Kia optima ( amerikanka )  Ehtiyyat təkər dəsti"
olar,6,"Zavod Oturacağın üzlüyü köhnədə olsa olar,cırılan hissəyə ya",Sağ tərəf lazımdı şəkildə qeyd olunan kimi işlənmişi olsada ,Kia Optima 2004 model 2.4 DOHC mator qalofkanın prokladkası 
kimi,6,"Zavod Oturacağın üzlüyü köhnədə olsa olar,cırılan hissəyə ya",Prius 20 kuza kondisonerin zolotniki tixacda deyirler iyne k,Sağ tərəf lazımdı şəkildə qeyd olunan kimi işlənmişi olsada 
mersedes,6,Sag tyaqa mersedes 210 govde,Mersedes c230 2007 pauk diski qabağ üçün,Mersedes c230 2007 pauk diski qabağ üçün
maxavik,6,Mənə maxavik lazımdır maşınım üçün. Zəhmət olmasa qiymət bil,Maxavik,Maxavik qabaq çəkən
firma,6,"Natajitel kod:252812A200  Hansi firma ile var  ve qiymeti ",Opornu arxa qabaq OEM yaxud yaxşı firma,Tyaqa xaiw edirem nakonecnikle sehf salmasin kimse orjinal f
pecin,6,Pecin motoru N63,W201 üçün peçin açılıb bağlanma vintili krantı,Samavar egzoznan peçin arasında olan bağlantı
vanos,6,Vanos,Vanos şlanqı,Z18xer motordu. Vanos lazimdi
susesi,6,Hyundai santafe 2016 lukun susesi,Sol arxa işığın şüsesi,Lukun şüşəsi dal qabax
silenin,6,Şüşə silənin su baçoku,Şüşə silənin su baçoku,Salam şüşə silənin su baçoku
karobkanin,6,Karobkanın datçiki,Zf karobkanın bubliki,Karobkanin bloku
yanacaq,6,Yanacaq datciki,Mercedes benz c240 2000 ci il. El arasında tülkügöz. Yanacaq,Yanacaq daççiki lazımdı
litr,6,Dynamic oil 5 litr  5W/30,Castrol 10w-40 6 lıtr,"Mitasu 5w30, 5 litr"
duyme,6,"Pencerenin asagi endirib yuxari qaldirmag ucun duyme,","Salam F30/F31 Rul qızdırıcı düymə (кнопка) lazımdı.  Düymə ","Salam F30/F31 Rul qızdırıcı düymə (кнопка) lazımdı.  Düymə "
most,6,Arxa most,Salam orginal arxa most qiymetin oyrene bilerem ?,Arxa most
dumani,6,Mənə hunday avante nin dumanı patronu lazımdı üsd,Mənə hunday avante nin dumanı patronu lazımdı üsd,Mənə hunday avante nin dumanı patronu lazımdı üsd
передние,6,Диско тормозов передние,Передние фары,Передние развальные втулки
granat,6,Col granat sol sag,İc granat,Col granat sol sag
ponpa,6,Ponpa lazımdı,Ponpa,Ponpa
rezin,6,Təkər üçün ağ rezin 16 lıq təkər ölçüsü üçün toyota prius,Təkər üçün ağ rezin 16 lıq təkər ölçüsü üçün toyota prius,Rezin
sade,5,Volkswagen passat b6 2.0 fsi sade karobka,Kiya riyo 2008 on pabires  lazimdi sadə zavod olsun fiyaletv,hyundai elantra 2 sade mato sag nakanesnik lazimdir
ucuz,5,Kiya riyo 2008 on pabires  lazimdi sadə zavod olsun fiyaletv,Şəkildə qeyd olunan disk lazımdır 1-ədəd ucuz qiymətə,işini yaxşı bacaran usda lazımdı ucuz qiymətə sadəcə sağ tər
qelibi,5,Qabaq Əyləc qəlibi,Eylec qelibi,Hundai Elantra ön əyləc qəlibi lazım.Qiyməti neçəyədi?
hibrid,5,Ön sol qanaq kia optima 2017 plugin hibrid ex,Ön sol qanaq kia optima 2017 plugin hibrid ex,"Peredoxranitel.  Hyunday santafe2022, 1.6 hibrid"
lada,5,Lada granta,"Təkər Ölçüsü 195 60 R13  195 60 R13 Təkər Lazımdır. Yaxşı T",Mator lada vaz 2109 qiymət neciyədir
elektron,5,Elektron tramvyor,Elektron karobka üçün orijinal Razyom,Elektron tramilyor
задний,5,Задний кардан 3х дверного прадо.,Левый задний стоп на крыле,Задний мост
sofer,5,Şofer tərəf şüşə qaldırıb salan tros,Şofer tərəf çöl ruçka,Şofer tərəf şüşə qaldırıb salan tros
salan,5,Şofer tərəf şüşə qaldırıb salan tros,Şofer tərəf şüşə qaldırıb salan tros,Şəkildəki arxa 4 çəkənin tezimleyici işə salan qurğudu siste
qara,5,Bu qara plasmasdan var?,Qabaq sürücü tərəf Vetravlik axtarıram qara rəng,"Ablisofka, yenilərdən, qara olsa yaxşı olar"
yoxdu,5,Salam mənə Qabağ  stupicanın pacelniki lazımdı onun sağ solu,Statiyor var satdiq Hundayi i 30 du hec bir problemi yoxdu 9,Statiyor var satdiq Hundayi i 30 du hec bir problemi yoxdu 9
asqi,5,"Toyota Land Cruiser Proda 2006, 2,7l benzin avtomobilinə. Ra",Arxa asqi sistemi,Ön asqı sistemi
bublik,5,"Bublik, yeni və ya az işlənmiş",Bublik,Bublik və daçiki
tekeri,5,Lassa təkəri 215 55 R 16 1 ədəd lazımdır ikinci əl,Opel tekeri,Lassa təkəri 215 55 R 16 1 ədəd lazımdır ikinci əl
akkumulyator,5,150 amperlik akkumulyator qoruyucusu,Akkumulyator,60 Ah və 65 Ah akkumulyator
reng,5,Qabaq sürücü tərəf Vetravlik axtarıram qara rəng,Eyni reng olsa yaxsidi,"Sağ kırlo lazımdı, ağ mirvari rəng, rəngin kodu SWP WK"
hundai,5,Hundai Tucson panoramik lukun yan rezinləri,Hundai Elantra ön əyləc qəlibi lazım.Qiyməti neçəyədi?,Hundai sonata 2006-cı il mənə sürücü tərəfin günlüyü lazımdı
sami,5,Tiida 1.5l 2011 Alışdırma şamı,Alıştırma samı,Alışdırma şamı
qapaq,5,Mator proklatkası üst qapaq,Mator proklatkası üst qapaq,Sorento 2004 üçün diskin ortasındakı balaca qapaq. Qeyd edim
kalpak,5,R14 kalpak lazımdır,R14 kalpak lazımdır,Kalpak 4 edet 1 edet
balaca,5,Sorento 2004 üçün diskin ortasındakı balaca qapaq. Qeyd edim,Sorento 2004 üçün diskin ortasındakı balaca qapaq. Qeyd edim,İnterkulllerin balaca olan şlankı panarama w211 2002 ci il 2
hisseleri,5,Mövcud olan bütün ehtiyat hisseleri ile maraglaniram,Peredok üçün ehtiyat hissələri,Maşını razval eləmək üçün dəyişilməli olan ehtiyat hissələri
samlar,5,Şamlar,Orjinal gm şamlar,Alışdırıcı şamlar
kondisaner,5,Kondisaner filtiri,Kondisaner filtiri,Niva urban üçün Kondisaner qaz turbası lazımdır şəkildəki ki
diskler,5,"Lezva disklər 16lıq və 17lik Hyundai Elantra 2014",16lıq disklər 20 kuzaya,R 17 disklər
prokladkasi,5,"Üst krışka prokladkası ( Mahle, Swag, BMW Group)",Kia Optima 2004 model 2.4 DOHC mator qalofkanın prokladkası ,Üst krışkanın prokladkası
birde,5,Tormoz verende esme verir birde naklatma lazimdi,Chevrolet malibu 2013 2.4 l benzin karopka beyninin qiymətin,"Arxa sag teref sport , birde trosu"
filteri,5,"Salam, wuwe temizdeyenler axtariram yaxshi brend olsun, bosc",ZF 8 ile 10 litr karobka yagi ve filteri. Orginal ile .zehme,korobka filteri ve yagi
knopkasi,5,Trip Knopkasi,Trip knopkası,"El eylecin knopkasi lazimdir Sekildeki konpka"
радиатор,4,Радиатор,Радиатор,Радиатор печки
desti,4,"Kia optima ( amerikanka )  Ehtiyyat təkər dəsti","Kia optima ( amerikanka )  Ehtiyyat təkər dəsti","Kia optima ( amerikanka )  Ehtiyyat təkər dəsti"
lenti,4,Sükün lenti,Rulun lenti,Rulda siqnalın lenti
sunny,4,Döşəmənin probkaları Nissan Sunny 2018,Nissan sunny 2007,Nissan Sunny N18 kuza Dumannı 2 ədəd
yastigi,4,"Carola 2005 1,4 dizel Mehrik yastiğı sol teref","Arxa təkər stuipitsanın yastığı (paçevniki)  Arxa  cüt",Salam .. mühərikin yastığı yuxarı görünən hissə sağ tərəfdə 
tyaqa,4,Sag tyaqa mersedes 210 govde,Tyaqa orjinal ve ctr firmasi ile,Tyaqa xaiw edirem nakonecnikle sehf salmasin kimse orjinal f
rolun,4,Mene rolun bu hissesi lazimdi siqnali iwlermir ve bu rengde ,Rolun hidravlikasının mayesi,Rolun alt krişkası kia optima 2012
qiymetleri,4,"AMSOIL Signature 5W-30  AMSOIL Extended Life 5W-30 Qiymetl",Ön və Arxa amorizatorlar ayrı ayrı cüt  qiymətləri Amma Orig,235 60 R18 tekerler lazimdi.Mumkundurse  model ve qiymetleri
masinima,4,Mənim maşınıma egzos nə məsləhət görürsüz?,Menim masinima uygun bu avadanlig lazimdir,Salam bu zapcast lazimdi menim masinima uygun olan weklin at
tezesi,4,Beyin. Blok. Təmir olunmur. İşlənmiş və ya təzəsi lazımdı.,Beyin. Blok. Təmir olunmur. İşlənmiş və ya təzəsi lazımdı.,Təzəsi lazımdı
diskin,4,Diskin orta kalpağı axtarıram 1 ədəd,Diskin orta kalpağı axtarıram 1 ədəd,Sorento 2004 üçün diskin ortasındakı balaca qapaq. Qeyd edim
benz,4,Mercedes Benz e190,Mercedes benz c240 2000 ci il. El arasında tülkügöz. Yanacaq,Coolant Pump - Mercedes-Benz (000-500-26-86). VİN CODLA FERQ
paket,4,Yeni masel paket,Amg Paket lazımdır,Amg Paket lazımdır
ремень,4,Правый ремень переднего пасажира,Ремень двигателя,Ремень Внутренний
переднего,4,Правый ремень переднего пасажира,Сайлентблоки переднего подвески vw polo liftbek 2021,Комплект переднего супорта
ustden,4,Toyota camry 2014 zavod manitor lazımdır. Üstdən çıxma yaxud,üstdən çıxma padpres,Dumanlı sağ teref üstden çixma yada pad arginal
asagi,4,nakonecnik Ctr firmasi ile asagi teklif eden olsa shargmotor,"Pencerenin asagi endirib yuxari qaldirmag ucun duyme,",Arxa oturacağı qaldırıb aşağı salan detal
control,4,Sümanda Cruise control tuşları,Climate control Zəhmət olmasa tam işlək olsun,Salam climat control lazimdi
stupica,4,Ön və arxa stupica,Sağ qabaq stupica podşipniki,Sağ on tərəf stupica
land,4,"Toyota Land Cruiser Proda 2006, 2,7l benzin avtomobilinə. Ra",land rover discovre kollektor,"Вискомуфта Land Rover Discovery 1998-2002 2.5 л. дизель, ERR"
munasib,4,F10 tnvd si en munasib qiymete kimde var,235/40/19 munasib qiymete teker lazimdi,Ad blue lazimdi munasib qiymete keyfiyyetli.
мотор,4,Мотор в сборе и коробка. Если есть 3 литровый мотор или боль,Мотор в сборе и коробка. Если есть 3 литровый мотор или боль,Датчик массового расхода воздуха дискавери 2 бензин 4000 мот
двигателя,4,"Головка двигателя круглая, а не сердечко",Ремень двигателя,Защитник двигателя
pajero,4,Mitsubishi pajero stupisa,Pajero ön və arxa stupisa NTN və KOYO firması,Mutsubisi pajero 2011 il üst baqajın rezinleri lazimdi
grand,4,Jeep Grand Cherokee 199-2004 V8 4.7 .. •kalinvalin dacciki• ,"Salam leksus üçün pulnik lazımdı tapılar, 100 kuza grand, 4.",Qabag sol supot Suzuki grand vitara 2001
dacik,4,"Xolostoy xodun daciki lazimdi dacik kodu 22270-28010 Masin ","Karobka platasının davleniya daççiki,daçik A gedir adı",Konsaner flow dacik
budu,4,"Xolostoy xodun daciki lazimdi dacik kodu 22270-28010 Masin ","Actuator turbina lazimdi sekil qoymosam  Vin kodu budu H76W",Bu datcikden lazimdi detalin kodu budu (392202A800)     P203
geden,4,Qaz trosu zaslonkaya geden hisse,Əyləc sisteminin baçokdan ABS-ə gedən trupka,Salyarka nasosundan reykaya gedən yanacaq dəmir turupka. Təz
qabi,4,Kia rio hetcbek amerikanka hava filtirinin qabı lazımdı,Sol ön tərəf qabı lazımdır,eynək qabı qapağı
sekil,4,"Actuator turbina lazimdi sekil qoymosam  Vin kodu budu H76W","Karopka beyni(bloku) 01M 927 733 LL - kod iknci şəkil nümu",M102 mator qalovka lazımdır şəkil yoxdu
vuran,4,Ön şüşənin su vuran matoru,Chevrolet equinox üçün R-1234yf freon qaz vuran lazımdı. 134,Hava vuran plasmas
ustunde,4,Klemmanın üstündə olan 120 amperlik qoruyucu,Matorun üstünde ştiker,Qaranlıq sensoru. Şitin üstundə olan.
qoruyucu,4,Klemmanın üstündə olan 120 amperlik qoruyucu,Qoruyucu Çadır,ramanın altına bağlanan qoruyucu
lentasi,4,Rolda olan + ve - yarpaqciqlarin lentasi,"Salam Karopkanın lentası lazımdır, 5 skorus kantdı sonata 45",Opel astra h 2007 siqnal işləmir onun lentası lazımdı
slanki,4,Qabaq tormuz (jitkis) şlankı lazım,Sol terefin tormozun slanki,İnterkulllerin balaca olan şlankı panarama w211 2002 ci il 2
kondisionerin,4,Kondisionerin  kompresorunun datciki . Kompresorun arxasinda,Kondisionerin kompresorunun kappani. Kompresorun arxasinda o,kondisionerin trubkası
bilerem,4,Salam orginal arxa most qiymetin oyrene bilerem ?,Arxa patbres lazimdi hardan ala bilərəm,Katalizatoron dacciki orginal neceyedir ve hardan tapa biler
qizdirici,4,Kreslo qızdırıcı soyuducu blok(beyin) lazımdır,"Salam F30/F31 Rul qızdırıcı düymə (кнопка) lazımdı.  Düymə ",Kreslo qızdırıcı soyuducu blok(beyin) lazımdır
rover,4,land rover discovre kollektor,"Вискомуфта Land Rover Discovery 1998-2002 2.5 л. дизель, ERR",Kənd  rover  diskover sport 2017 2.0l.benzin. Arxa əyləc  qə
sadece,4,"Alt pravada, eqnox komplekt olmayan, dummanı üçün sadəcə var",işini yaxşı bacaran usda lazımdı ucuz qiymətə sadəcə sağ tər,Abisofkanın qıraq kantı sadəcə
altinda,4,İsti və soyuğu tənzimləyən sürücü tərəf tarpedanın altında g,Sdenya altında olan blok,Kondisionerin şitin altında olan radyatoru
salnki,4,karopkanın arxa salnki  kardanın karopkaya daxil oldqu hissə,karopkanın arxa salnki  kardanın karopkaya daxil oldqu hissə,karopkanın arxa salnki  kardanın karopkaya daxil oldqu hissə
nakanesnik,4,Nakaneşnik.,hyundai elantra 2 sade mato sag nakanesnik lazimdir,hyundai elantra 2017 gabag seriniwin teref orjinal nakanesni
boyuk,4,Karopqanin yastığı və mosdun vtulkası (böyük),Böyük qol orginal lazımdı (54584A),Nissan teana j31 2 3 mator 2004 böyük sep
sernisin,4,Qabağ sərnişin tərəf zolag dəyişmə datçiki,Sag sernisin el tutacagi. Hemcinin arxa sernisinlerin el tut,Detalı kodu budu 71800-T20-A00; sağ sərnişin tərəfdən çöl pl
perin,4,Perin wtikeri,Perin difuzeri,Tek Pərin özü
terefin,4,Hundai sonata 2006-cı il mənə sürücü tərəfin günlüyü lazımdı,Sol terefin tormozun slanki,Hyundai  Sonata 2020 sağ tərəfin kanti
lazmdir,4,Hunday Elantra 2017 Limted 2 Sadə Qabaq Abrsofkasi Lazmdir,Salam Amg rul taiwan lazmdir mene. kimdə var mənlə əlaqə sax,Karobka beyni lazmdır
tiyaqa,4,Ön tərəf Stabilizator tiyaqa uzun,Sol tərəf tiyaqa,Tiyaqa lazımdı
bilersiz,4,Sağ dumanı lupası qiyməti və bilefin qiymətini göndərə bilər,"Kia rio 1.5 dizel 2009  Xais deye bilersiz bu sep orgianld",salam bu mafele uygun ne yagi vere bilersiz mene
neciyedi,4,mene (usten cixma) orjinal udar ve zədə gormeyen sol kirla l,Teker Fortune 205/55/16  neciyedi?,"Ford Fusion 2015 2 mator plug in hybrid  Rulevoyun matoru "
plastik,4,Yanacaq dolum etrafında olan plastik hisse,Şüşəsilən original. Damda olan kant plastik örtük.,Qabağ sağ tərəfdə olan plastik
samlari,4,Alışdırma şamları,Alışdırma şamları,Alışdırma şamları
plasmas,4,Hava vuran plasmas,sürücü oturacağının arxasındakı plasmas,BMW 520d  kollektor giriş plasmas olan
slank,4,Sekilde gorsenen ust terefdeki  şlank,Membirandan cixan bu slank,Gidrousliteldən çıxan şlank presli şlank
multi,4,Multi rulu üçün knopkalar təzə,Multi rul knopka,multi rul
razval,4,Maşını razval eləmək üçün dəyişilməli olan ehtiyat hissələri,Ön razval vtulkalar,"Salam, Nissan Leaf üçün ölçülü ehtiyat təkəri dokatka donut "
pacemniki,4,Qabaq stupisiyanın paçemniki lazımdır. Cüt,Qabaq stupisiyanın paçemniki lazımdır. Orginal olsun. Cüt,Tayota carolla 2014 ricnoy trosu ustipitsa pacemniki
dene,4,185.65.15 teker isdiyirem kreditle.4 dene,Təzə kuza kruz premier disk 2 ədəd lazımdı kamplekt yox 2 də,4 dene aporniy diskler
suyun,4,"Salam. Suyun temperatur datçiki lazımdı. Zəhmət olmasa qiym",Suyun daçiki,Suyun turbasi lazimdi bu sekilde olan
giris,4,"Giriş-Çıxış Kollektor Prokladka 1717302030 1717115030",BMW 520d  kollektor giriş plasmas olan,Giriş kollektorun prokldkası. Yalnız Orijinal
arginal,4,Audi Q7 2 tfsi 2016 Antfris baçoku arginal !,Vintilyatorun gidra mufdasi lazımdır arginal ve firma qiymet,Abratqanın şlankı təzə arginal neçiyıdir?
pencere,4,Elektrik pəncərə açarı sürücü tərəf,Elantra pəncərə kənarı rezinlər,Arxa sağ pəncərə trosu
bunnan,4,Bunnan lazimdi,Bunnan lazimdi,Bunnan lazimdi
передний,3,Передний буфер,"Датчик АБС передний ле      АБС датчик передний левый ","Датчик АБС передний ле      АБС датчик передний левый "
rolu,3,Hyundai Avento 2014 rolu lazımdı,Mene tezili istto rolu lazimdir,2112 öz zavod sükanı (rolu)
afto,3,Salam men orginal bu afto pasosdan lazimdi,Salam men orginal bu afto pasosdan lazimdi,Afto passosun daciki
шины,3,"Нужны такие шины, этого бренда",Нужны шины именно такие как на фото. TOYO 225/55R17 101V,Датчик для шины
vali,3,Bmw x6 valı lazımdır,Mator valı,matorun vali
vetravlik,3,2018 Prado Üçün vetravlik,Qabaq sürücü tərəf Vetravlik axtarıram qara rəng,Vetravlik Nissan Altima 2013
peredok,3,Peredok seti,Peredok üçün ehtiyat hissələri,Lemforder peredok sistemi
balka,3,Balka rezini orginal cut,Ön balka,Arxa clok balka
poduska,3,Sol sürücü tərəf poduska,Motor poduşka,Alt poduska
lassa,3,Lassa təkər,Lassa təkəri 215 55 R 16 1 ədəd lazımdır ikinci əl,Lassa təkəri 215 55 R 16 1 ədəd lazımdır ikinci əl
dinama,3,Dinama,Opel Astara h universal. Dinama,dinama
amsoil,3,"AMSOIL Signature 5W-30  AMSOIL Extended Life 5W-30 Qiymetl","AMSOIL Signature 5W-30  AMSOIL Extended Life 5W-30 Qiymetl",amsoil extended life 5w 30
life,3,"AMSOIL Signature 5W-30  AMSOIL Extended Life 5W-30 Qiymetl",Hyundai long life coolant,amsoil extended life 5w 30
meslehet,3,Mənim maşınıma egzos nə məsləhət görürsüz?,Maraqlı nə məsləhət görürsüz?,Hansı yağ məsləhət görürsüz?
gorursuz,3,Mənim maşınıma egzos nə məsləhət görürsüz?,Maraqlı nə məsləhət görürsüz?,Hansı yağ məsləhət görürsüz?
sikifi,3,"Dinmanın şikifi , kia sportage",Matoron şikifi,Kandsaner kapressorunun sikifi?
левый,3,Левый задний стоп на крыле,"Датчик АБС передний ле      АБС датчик передний левый ",Задний стоп левый сторона
стоп,3,Левый задний стоп на крыле,Задние стоп фонари,Задний стоп левый сторона
fusion,3,Fusion yağ,Fusion sync 3 manitoru,"Ford Fusion 2015 2 mator plug in hybrid  Rulevoyun matoru "
turbasi,3,"Qalofkanın turbası,şlanqı",Niva urban üçün Kondisaner qaz turbası lazımdır şəkildəki ki,Suyun turbasi lazimdi bu sekilde olan
slanqi,3,"Qalofkanın turbası,şlanqı",Vanos şlanqı,VozduxXamerin Şlanqı
qaldirib,3,Şofer tərəf şüşə qaldırıb salan tros,Şofer tərəf şüşə qaldırıb salan tros,Arxa oturacağı qaldırıb aşağı salan detal
detal,3,detal,Rucnoyun ayaq rezinu lazimdir- detal 597112S100,Arxa oturacağı qaldırıb aşağı salan detal
yerde,3,Torpeda airbaqla bir yerdə,İsti və soyuğu tənzimləyən sürücü tərəf tarpedanın altında g,Basofka teze 400 500 rms ideal yaxsı bırsey ısdırem mono blo
datcik,3,"MAP datcik , kislorod datcik","MAP datcik , kislorod datcik",Çöl havanı ölçən datçik
pauk,3,Qabaq Pauk disk,Mersedes c230 2007 pauk diski qabağ üçün,Mersedes c230 2007 pauk diski qabağ üçün
правая,3,Правая фара,Правая фара,Правая фара
фара,3,Правая фара,Правая фара,Правая фара
правый,3,Правый ремень переднего пасажира,Рестайлинг думанные фары нужен правый водительский,Правый задний саффа
tormoz,3,"W202 baş tormoz silindiri İli 2000 mator 2",Tormoz verende esme verir birde naklatma lazimdi,tormoz kalodkaları
aleykum,3,Salam aleykum 06 ya qabaq dəmir abirçofka lazımdı,Salam aleykum. 2013 cu il cerato ucun 1.6 motor yeni veya iw,Salam aleykum mene brake sensor lazimdi front rear JN8AY3NY5
demir,3,Salam aleykum 06 ya qabaq dəmir abirçofka lazımdı,Salyarka nasosundan reykaya gedən yanacaq dəmir turupka. Təz,"Arxa demir,qeza qoruyucu"
olcusu,3,"Təkər Ölçüsü 195 60 R13  195 60 R13 Təkər Lazımdır. Yaxşı T",Təkər üçün ağ rezin 16 lıq təkər ölçüsü üçün toyota prius,Təkər üçün ağ rezin 16 lıq təkər ölçüsü üçün toyota prius
rulevoyun,3,Rulevoyun motoru,Rulevoyun reykası,"Ford Fusion 2015 2 mator plug in hybrid  Rulevoyun matoru "
nakonecnik,3,nakonecnik Ctr firmasi ile asagi teklif eden olsa shargmotor,Sol teref nakonecnik lemforder febi swag delphi,Ctr nakonecnik sol sag qiymeti ??
teklif,3,nakonecnik Ctr firmasi ile asagi teklif eden olsa shargmotor,Prado 120 kuza 4 mator 2005 ci ile  meslehetli yağ ve yağ fi,"225/45/18 ölçüdə Sailun ATREZZO, West lake markalarından qiy"
eden,3,nakonecnik Ctr firmasi ile asagi teklif eden olsa shargmotor,Şəkildəki arxa 4 çəkənin tezimleyici işə salan qurğudu siste,Şəkildəki arxa 4 çəkənin tezimleyici işə salan qurğudu siste
gabag,3,Gabag Eylecler,Stabilizator Vtulka gabag.,hyundai elantra 2017 gabag seriniwin teref orjinal nakanesni
yaylar,3,Tayita Camry Arxa yaylar,Tayota Avensiz 2007 model üçün arxa amorzator və yaylar lazı,Tayota Avensiz 2007 model üçün arxa amorzator və yaylar lazı
veziyyetde,3,"sekildeki disk, yeni veya ela veziyyetde islenmis 4 veya 5 e",Natyanitel lazimdi usten cixma yaxshi veziyyetde.,265/65/17 işlənmiş yaxşı veziyyetde münasib qiymete 4 dene t
фары,3,Рестайлинг думанные фары нужен правый водительский,Передние фары,Стекло или пластик для Фары
duymesi,3,Bu masincun mene keylesgo duymesi lazimdi,"Kia Sorento.2017.dizül Əl tormuzu düyməsi",Parking əyləc düyməsi
yuxari,3,"Pencerenin asagi endirib yuxari qaldirmag ucun duyme,",Salam .. mühərikin yastığı yuxarı görünən hissə sağ tərəfdə ,Niva urban üçün Kondisaner qaz turbası lazımdır şəkildəki ki
daccik,3,Euro 5 turbi daccik,W203 Benzin Daççik,arxa sol abs daççik
edin,3,Prado 120 kuza 4 mator 2005 ci ile  meslehetli yağ ve yağ fi,Prado 120 kuza 4 mator 2005 ci ile  meslehetli yağ ve yağ fi,"225/45/18 ölçüdə Sailun ATREZZO, West lake markalarından qiy"
avante,3,Mənə hunday avante nin dumanı patronu lazımdı üsd,Mənə hunday avante nin dumanı patronu lazımdı üsd,Mənə hunday avante nin dumanı patronu lazımdı üsd
patronu,3,Mənə hunday avante nin dumanı patronu lazımdı üsd,Mənə hunday avante nin dumanı patronu lazımdı üsd,Mənə hunday avante nin dumanı patronu lazımdı üsd
cruz,3,Mene Cruz 2018 ucun  hardasa 300 manata qeder disk lazimdi.,Cehvolet cruz 2016,"Chevrolet cruz 2013 , qabaq ve arxa stupisiya"
oksigen,3,Oksigen  sensoru,oksigen sensoru,Oksigen sensoru
mitsubishi,3,Mitsubishi pajero stupisa,Mitsubishi Galant tramblyor,Şam mitsubishi outlander
jeep,3,Jeep Grand Cherokee 199-2004 V8 4.7 .. •kalinvalin dacciki• ,Jeep Wrangler ön ustipitsa,Jeep Grand Cherokee wj 2.7 CRD overland.
nomre,3,Arxa nomrə işığı,Arxa nömrə üstününun kantı lazımdır,Santafe 2012 kohne kuza nomre işiginin şuşesi
lemforder,3,Sol teref nakonecnik lemforder febi swag delphi,Lemforder peredok sistemi,"Qabaq aliminium qollar, Lemforder"
swag,3,Sol teref nakonecnik lemforder febi swag delphi,"Üst krışka prokladkası ( Mahle, Swag, BMW Group)","Üst krışka /FEBİ, SWAG"
muftanin,3,Mene nivada muftanin sol terefinde olan kalcuk lazimdi. Qiri,Lada Granta 5 skorus zadnisi arxaya olan muftanın trosu neçi,Muftanin trosu
qirilib,3,Mene nivada muftanin sol terefinde olan kalcuk lazimdi. Qiri,Bu birləşən yer lazımdı. Tranyikdu deyəsən adı.Qirilib antif,sağ qabaq pencere qaldiran knolka qirilib
zaslonkaya,3,Qaz trosu zaslonkaya geden hisse,Interkullerden cixib zaslonkaya kecen yogun wlanqdan lazimdi,interkullerden zaslonkaya gelen boru
ikinci,3,Lassa təkəri 215 55 R 16 1 ədəd lazımdır ikinci əl,Lassa təkəri 215 55 R 16 1 ədəd lazımdır ikinci əl,Ikinci el iwlenmiw 9 luq manitor lazmdi
qoruyucusu,3,150 amperlik akkumulyator qoruyucusu,Muhherikin alt qoruyucusu lazimdir,"Ön sağ, sol podkrenlik (ön yağış qoruyucusu ilə birgə)"
ablisofka,3,distronikli ablisofka,"Ablisofka, yenilərdən, qara olsa yaxşı olar",2013kia sportage ablisofka lazimdi
hybrid,3,Honda civic hybrid USA,"Ford Fusion 2015 2 mator plug in hybrid  Rulevoyun matoru ",Hybrid on bamper tam sekilde 360 kamerali ver kondisoner rad
задней,3,Задней левой двери внешняя ручка,Подшипник задней полуосей,Втулка задней балки
proklatkasi,3,Mator proklatkası üst qapaq,Mator proklatkası üst qapaq,Mator proklatkasi 3 silindir
cixir,3,"diagnostikada p2017 oshibkasi cixir,nece hell edim","diagnostikada p2017 oshibkasi cixir,nece hell edim",buna oxsardi hava qutusun qabagindan cixir
stupitsa,3,Stupitsa pavcemniki,Stupitsa ön teref,Arxa sol stupitsa
edir,3,Şəkildəki arxa 4 çəkənin tezimleyici işə salan qurğudu siste,"Mercedes-Benz C-Class • 1997 • 1.8 l • Benzin  Stupsiyası ",Faraya ppf kim edir steklə münsib qiymətə?
gosterilen,3,Şəkildəki arxa 4 çəkənin tezimleyici işə salan qurğudu siste,sekilde gosterilen hisse ( arxa terefdi),Şəkildə göstərilən iki hissə lazımdı.
muherikin,3,Salam .. mühərikin yastığı yuxarı görünən hissə sağ tərəfdə ,Mühərikin üst krişkası,Mühərikin vanusu
gorunen,3,Salam .. mühərikin yastığı yuxarı görünən hissə sağ tərəfdə ,İsti və soyuğu tənzimləyən sürücü tərəf tarpedanın altında g,Ləkildə görünen detaldan
terefde,3,Salam .. mühərikin yastığı yuxarı görünən hissə sağ tərəfdə ,Travesin ön tərəfdə olan şaybası.,Qabağ sağ tərəfdə olan plastik
jitkis,3,Qabaq tormuz (jitkis) şlankı lazım,Jitkis baçokunun altındakı daççiki,Dot-4 Jitkis
stabilizator,3,Stabilizator Vtulka gabag.,Ön tərəf Stabilizator tiyaqa uzun,Stabilizator və rezinləri
kondisanerin,3,"Mercedes gl de kondisanerin yojiki deyirler , bagajdaki","Mercedes gl de kondisanerin yojiki deyirler , bagajdaki",Kondisanerin matorunun perinin maçalkası
yojiki,3,"Mercedes gl de kondisanerin yojiki deyirler , bagajdaki","Mercedes gl de kondisanerin yojiki deyirler , bagajdaki",Bmw e65 ucun kontisoner yojiki lazimdir
deyirler,3,"Mercedes gl de kondisanerin yojiki deyirler , bagajdaki","Mercedes gl de kondisanerin yojiki deyirler , bagajdaki",Prius 20 kuza kondisonerin zolotniki tixacda deyirler iyne k
qiymetin,3,Salam orginal arxa most qiymetin oyrene bilerem ?,Stupiça orginal qiymetin deyerdiz zehmet olmasa,Yacco Lube F 5W-40 Yağı lazımdı 5l qiymetin deyerdiz zehmet 
ackisi,3,On sağ dumanli açkisi,Sağ tərəf qabag dumanlı ackisi,Toyota corolla heçbekt dumanı açkisi
eyni,3,Eyni reng olsa yaxsidi,"275-40-19  -2 ədəd ,,,, 245-45-19— 2 ədəd təkər lazımdır. 4 ",Zbor beyin lazımdır mobilzator ilə birlikdə ama üstündəki ko
olmayan,3,"Alt pravada, eqnox komplekt olmayan, dummanı üçün sadəcə var",Santafe 2010 du lupali  ledli dumanli lazmdi cerimesi olmaya,GM original yagi (dubay olmayan) ve Petrocanada Dexos 1 Gen 
elaqe,3,"Alt pravada, eqnox komplekt olmayan, dummanı üçün sadəcə var",Salam Amg rul taiwan lazmdir mene. kimdə var mənlə əlaqə sax,Salam matorun porşunu lazımdır 4 ədəd .birdə usta lazımdır ş
saxlasin,3,"Alt pravada, eqnox komplekt olmayan, dummanı üçün sadəcə var","Lexus Nx200 il 2022 qabağ sol şofer tərəf dumanni qablığı ",Salam matorun porşunu lazımdır 4 ədəd .birdə usta lazımdır ş
qalofka,3,Kia Optima 2004 2.4 mator Qalofka lazımdı,"2005 prado üçün qalofka lazımdır. JTEBK29J450015582",Qalofka val rem komplekt
dest,3,Arxa purjin dəst sağ və sol,Friksional dəst,Rasprival yataqları olan dəst
rulun,3,Rulun gidravlikası,Rulun lenti,rulun siqnal lenti lazimdi
diametri,3,Sorento 2004 üçün diskin ortasındakı balaca qapaq. Qeyd edim,Sorento 2004 üçün diskin ortasındakı balaca qapaq. Qeyd edim,"Salam, Nissan Leaf üçün ölçülü ehtiyat təkəri dokatka donut "
daxil,3,karopkanın arxa salnki  kardanın karopkaya daxil oldqu hissə,Basofka teze 400 500 rms ideal yaxsı bırsey ısdırem mono blo,Multi rol (airbad daxil)
bolt,3,bmw F30 ucun 340i exhaust sistemi bolt-on baglana bilsin,"Salam, Nissan Leaf üçün ölçülü ehtiyat təkəri dokatka donut ","Salam, Nissan Leaf üçün ölçülü ehtiyat təkəri dokatka donut "
kondisioner,3,Kondisioner qaz vurulmalidir. Soyuq yox serin hava vurur. Ta,Kondisioner isti/soyuq switch,kondisioner turbasin da olan balaca şpilka lazımdır
moldinqi,3,Arxa otrajatelin moldinqi sağ tərəf,"861312L000 – Ön şüşənin sol yan moldinqi (LH) 861322L000 – ","861312L000 – Ön şüşənin sol yan moldinqi (LH) 861322L000 – "
qaldiran,3,Şüşü qaldıran,"Wolksvagen Jetta 2010 MK5  Yan sağ şüşənin endirib qaldıran",sağ qabaq pencere qaldiran knolka qirilib
verir,3,Əyləci basdıqda drajeni verir,Tormoz verende esme verir birde naklatma lazimdi,Left rear lamp eror verir.  Lakin ishig yanir
priora,3,Priora 2015 radnoy dıskısı,Priora 2015 diski,Priora ön bufet
kanti,3,Arxa nömrə üstününun kantı lazımdır,Hyundai  Sonata 2020 sağ tərəfin kanti,Abisofkanın qıraq kantı sadəcə
amazatorlar,3,Amazatorlar qabaq,Amazatorlar,qabağ amazatorlar
panarama,3,Panarama orta şüşə,İnterkulllerin balaca olan şlankı panarama w211 2002 ci il 2,2.2 dizel panarama arxa naklatqa qiyəti
siveca,3,Siveca,Şamlar lazimdi (siveça ) orginal,Siveça
diger,3,Salyarka nasosundan reykaya gedən yanacaq dəmir turupka. Təz,"Salam, 1 ədəd Continental, 265/60/18 şəkildəki naxışlı təkə",Ayaqligin ust alminium demiri lazimdir diger terefdeki kimi
durbasi,3,Torbonun yag durbasi,Dinamanının yanındakı kondisaner in durbası lazmdi zbor şəkl,Kondsionerin yoğun durbası
sapfa,3,sapfa,Sağ arxa sapfa,BMW e39 arxa sol sapfa
acari,3,Acari,Santafe 2015 2 dizel üçün Hyundai Santa Fe DM (2013-2016) OB,Elektrik pəncərə açarı sürücü tərəf
birlikde,3,"Salam F30/F31 Rul qızdırıcı düymə (кнопка) lazımdı.  Düymə ","BYD SEAL 05 ARXA SAĞ TƏRƏF ATRAJATEL ZADNİ İŞIQLA BİRLİKDƏ ",Zbor beyin lazımdır mobilzator ilə birlikdə ama üstündəki ko
seal,3,Oil seal hl3p7a248aa,"BYD SEAL 05 ARXA SAĞ TƏRƏF ATRAJATEL ZADNİ İŞIQLA BİRLİKDƏ ",KG310-1601 – sol (LH) dust seal surucu teref. Səkildəki 4 no
kollektorun,3,Kollektorun prokilatkası,Giriş kollektorun prokldkası. Yalnız Orijinal,Giriş kollektorun  prokladkası( boğaz rezini) Yalnız Orijina
skorus,3,Lada Granta 5 skorus zadnisi arxaya olan muftanın trosu neçi,Skorus altdığu,"Salam Karopkanın lentası lazımdır, 5 skorus kantdı sonata 45"
konsaner,3,konsaner turupkasi zbor,Konsaner flow dacik,Konsaner radıyatırı
maraqlaniram,3,215/60R16 - 4 eded teker qiymet maraqlaniram,Chevrolet malibu 2013 2.4 l benzin karopka beyninin qiymətin,Opel vectra 1990 il aid ne qeder hisse varsa maraqlaniram
hardan,3,Arxa patbres lazimdi hardan ala bilərəm,Ravinol yagi hardan almaq olar,Katalizatoron dacciki orginal neceyedir ve hardan tapa biler
usten,3,Antifreez qapağı lazımdı üstən çıxma,mene (usten cixma) orjinal udar ve zədə gormeyen sol kirla l,Natyanitel lazimdi usten cixma yaxshi veziyyetde.
pompa,3,Pompa,Pompa,1.8sade mator 1.8 adr. Pompa lazimdir
acki,3,Sağ tərəf dumanlı acki,"Dumannı açki passat b7 (2014) Sol teref",Açki
aporni,3,Arxa aporni disk,Arxa aporni disk lazımdır,Arxa aporni disk lazımdır
carolla,3,Tayita carolla 2012,Arxa sol sport tayota carolla,Tayota carolla 2014 ricnoy trosu ustipitsa pacemniki
susesilenin,3,Şüşəsilənin su baçoku,98510-2L100 şüşəsilənin su motoru,Şüşəsilənin  matoru
dinamanin,3,Dinamanın bendiksi neçiyədir?,Dinamanin işkifi,2012 Hyundai Elantra dinamanin nali
yerinin,3,"91950-1W430 Predaxranitelin yerinin qapağı",Arxa yük yerinin kilidi,Arxa yük yerinin kilidi
samavar,3,Samavar lazimdi.,Samavar egzoznan peçin arasında olan bağlantı,Samavar lazimdi.
yaxshi,3,"Salam, wuwe temizdeyenler axtariram yaxshi brend olsun, bosc","Salam, wuwe temizdeyenler axtariram yaxshi brend olsun, bosc",Natyanitel lazimdi usten cixma yaxshi veziyyetde.
daha,3,"Salam, wuwe temizdeyenler axtariram yaxshi brend olsun, bosc",Su rsdiatoru.alminuma yığılma olsa daha yaxşı olar,"Lexus GX470 duman fənəri. (mavi şüşəli yox, özümdə var ağ şü"
oturacaglarin,3,Yaddasli on oturacaglarin bloku her ikisi,Yaddasli on oturacaglarin bloku her ikisi,komfort on oturacaglarin platasi
altima,3,"Salam, Nissan Leaf üçün ölçülü ehtiyat təkəri dokatka donut ",Salam Nissan Altima 2011 modelinin bağacını açılıb saxlayan ,Vetravlik Nissan Altima 2013
tekerler,3,"Salam, 1 ədəd Continental, 265/60/18 şəkildəki naxışlı təkə",235 60 R18 tekerler lazimdi.Mumkundurse  model ve qiymetleri,Diski tekerler
ayri,3,Ön və Arxa amorizatorlar ayrı ayrı cüt  qiymətləri Amma Orig,Ön və Arxa amorizatorlar ayrı ayrı cüt  qiymətləri Amma Orig,Ön və arxa əyləc disklərinin ayrı ayrılıqda cüt formada qiym
rulevoy,3,Rulevoy A2064605702,Rulevoy Motoru,Rulevoy reyka na Opel Astra h
trip,3,Trip Knopkasi,Trip knopkası,"SALAM !   TRIP  (KİLOMETRAJI SIFIRLAYAN) düymə lazımdır. "
бензин,3,бензин насос,Датчик массового расхода воздуха дискавери 2 бензин 4000 мот,бензин насос
kriskanin,3,3.0 supercharged 2016 ci il vogue ust kriskanin prakladkalar,Üst krışkanın prokladkası,krişkanın prokladkası
part,3,Test Part,"KIA Genuine Parts  LAMP ASSY-MAP  Part No: 92870 1H000E","Spare Tyre Hoisting mechanizm. Yeni zapaz tekeri galdiran m"
kandisanerin,3,Kandisanerin kluçateli,Kandisanerin daciki,kandisanerin kampresoru
tapa,3,Katalizatoron dacciki orginal neceyedir ve hardan tapa biler,Salam beli hela ahtariram helaki tapa bilmiram siz maslahat ,Salam beli hela ahtariram helaki tapa bilmiram siz maslahat 
siqnal,3,rulun siqnal lenti lazimdi,Opel astra h 2007 siqnal işləmir onun lentası lazımdı,Rolun siqnal hissəsinin qapağı
буфер,2,Передний буфер,Буфер,
yanacag,2,Toyota camry 2010 2.4 yanacağ filtiri,Yanacag filtiri,
forte,2,"Kia forte 2019 Map senson 39300-2E600 sırf bu kod lazımdır",Kia Forte 2015 Amerikanka 1.8 doch benzin motor arxalıq lazı,
диски,2,Диски Бмв,Передние опорные диски,
pasosdan,2,Salam men orginal bu afto pasosdan lazimdi,Salam men orginal bu afto pasosdan lazimdi,
нужны,2,"Нужны такие шины, этого бренда",Нужны шины именно такие как на фото. TOYO 225/55R17 101V,
такие,2,"Нужны такие шины, этого бренда",Нужны шины именно такие как на фото. TOYO 225/55R17 101V,
podvesnoy,2,A4 b5 podvesnoy,Audi A4 podvesnoy,
uzluyu,2,"Zavod Oturacağın üzlüyü köhnədə olsa olar,cırılan hissəyə ya",Zapast təkərin üzlüyü .böyük olsun,
mostun,2,Hyundai  H1 arxa mostun redukturu,Mostun arxasındakı qruz,
seti,2,Peredok seti,Maxovik və mufta əyləc seti. Toyota Corolla 1.4 D4D 90 hp 20,
disqaver,2,Qabaq eylec disqaver,Qabaq eylec disqaver,
doch,2,Kia cerato 2 DOCH mator servis keyfiyyetli mator yağ axtarir,Kia Forte 2015 Amerikanka 1.8 doch benzin motor arxalıq lazı,
keyfiyyetli,2,Kia cerato 2 DOCH mator servis keyfiyyetli mator yağ axtarir,Ad blue lazimdi munasib qiymete keyfiyyetli.,
sukani,2,Mawın sükanı Niva üçün,2112 öz zavod sükanı (rolu),
qanaq,2,Ön sol qanaq kia optima 2017 plugin hibrid ex,Ön sol qanaq kia optima 2017 plugin hibrid ex,
plugin,2,Ön sol qanaq kia optima 2017 plugin hibrid ex,Ön sol qanaq kia optima 2017 plugin hibrid ex,
kolenvalin,2,Kolenvalın şkuvi lazımdır. Orjinal OEM kod: 55491270 göstəri,Kolenvalın datçiki  (ckp),
kuruz,2,Kuruz 2012,"Amazator arxa cüt qabağ cüt  Cevralit kuruz 2011",
isotta,2,İsotta (marka niva),Isotta rul lazimdir,
marka,2,İsotta (marka niva),"Xolostoy xodun daciki lazimdi dacik kodu 22270-28010 Masin ",
granta,2,Lada granta,Lada Granta 5 skorus zadnisi arxaya olan muftanın trosu neçi,
qlacok,2,Qlacok,Qlacok,
nomresi,2,Mene rolun bu hissesi lazimdi siqnali iwlermir ve bu rengde ,"Spare Tyre Hoisting mechanizm. Yeni zapaz tekeri galdiran m",
teana,2,Gidrusditil Nissan teana j32 2008,Nissan teana j31 2 3 mator 2004 böyük sep,
extended,2,"AMSOIL Signature 5W-30  AMSOIL Extended Life 5W-30 Qiymetl",amsoil extended life 5w 30,
amzator,2,Kia rio 2008  arxa amzator,Kia rio 2008 Arxa  amzator,
temir,2,Beyin. Blok. Təmir olunmur. İşlənmiş və ya təzəsi lazımdı.,Beyin. Blok. Təmir olunmur. İşlənmiş və ya təzəsi lazımdı.,
olunmur,2,Beyin. Blok. Təmir olunmur. İşlənmiş və ya təzəsi lazımdı.,Beyin. Blok. Təmir olunmur. İşlənmiş və ya təzəsi lazımdı.,
foks,2,Ford Foks 2,Ford Foks 2,
plus,2,"Byd qin plus 2024 matorun beyni 14826066-00 kod",Prista ultra plus 5w-40 neciyedi qiymeti,
coolant,2,Hyundai long life coolant,Coolant Pump - Mercedes-Benz (000-500-26-86). VİN CODLA FERQ,
purjin,2,Qabaq purjin kia k5 2014,Arxa purjin dəst sağ və sol,
масло,2,Масло,Масло трансмиссия,
kalpagi,2,Diskin orta kalpağı axtarıram 1 ədəd,Diskin orta kalpağı axtarıram 1 ədəd,
dumannilar,2,Kia sportage 2013 Blackberry dumannilar,Ön dumannılar,
zapaz,2,Zapaz təkər,"Spare Tyre Hoisting mechanizm. Yeni zapaz tekeri galdiran m",
duman,2,Duman farlari lazimdi,"Lexus GX470 duman fənəri. (mavi şüşəli yox, özümdə var ağ şü",
qalofkanin,2,"Qalofkanın turbası,şlanqı",Kia Optima 2004 model 2.4 DOHC mator qalofkanın prokladkası ,
stalbizatorun,2,Stalbizatorun resimleri,Stalbizatorun rezinleri,
tros,2,Şofer tərəf şüşə qaldırıb salan tros,Şofer tərəf şüşə qaldırıb salan tros,
pacevniki,2,"Arxa təkər stuipitsanın yastığı (paçevniki)  Arxa  cüt",Stupciyanin pacevniki sag təref,
левая,2,"3715A097   Гранат в зборе левая,задный часьт",Киа стингер передние левая стекло,
poduskasi,2,Motorun poduşkası,Motorun ön və arxa poduşkası,
santa,2,Hyundai santa fe maxcruz 2016 Dumannı,Santafe 2015 2 dizel üçün Hyundai Santa Fe DM (2013-2016) OB,
silindiri,2,"W202 baş tormoz silindiri İli 2000 mator 2",Eylec Silindiri,
yaxud,2,Toyota camry 2014 zavod manitor lazımdır. Üstdən çıxma yaxud,Opornu arxa qabaq OEM yaxud yaxşı firma,
stupicanin,2,Salam mənə Qabağ  stupicanın pacelniki lazımdı onun sağ solu,Saapa stupicanin pocelniki sol teref wofer teref,
pacelniki,2,Salam mənə Qabağ  stupicanın pacelniki lazımdı onun sağ solu,Qabaq Sol stupciyanin pacelniki lazimdir,
onun,2,Salam mənə Qabağ  stupicanın pacelniki lazımdı onun sağ solu,Opel astra h 2007 siqnal işləmir onun lentası lazımdı,
krusitel,2,Kruşitel,Krusitel basligi,
фильтр,2,Фильтр в коробке,Маслов фильтр для трансмиссия,
ayaq,2,Rucnoyun ayaq rezinu lazimdir- detal 597112S100,597502P600 rucnoy ayaq tormusun trosu kodun da atmisam,
sanata,2,Teker hyundai sanata 195 65 r14 lazimdi,Hunday sanata 2020 natkatqa natkatka,
eylecler,2,Gabag Eylecler,Arxa- qabag eylecler,
tayita,2,Tayita Camry Arxa yaylar,Tayita carolla 2012,
qabaglar,2,Qabağlar,Əyləc diskləri lazımdı qabağlar,
yaylarin,2,Arxa yayların üst və alt rezini,Yayların alt və üst rezinləri,
endirib,2,"Pencerenin asagi endirib yuxari qaldirmag ucun duyme,","Wolksvagen Jetta 2010 MK5  Yan sağ şüşənin endirib qaldıran",
avtomobil,2,"Toyota Land Cruiser Proda 2006, 2,7l benzin avtomobilinə. Ra",Avtomobil üçün kitapça lazımdı,
bacokunun,2,W202 gidrousluterin bacokunun ust qapağının praklatkası,Jitkis baçokunun altındakı daççiki,
qapaginin,2,W202 gidrousluterin bacokunun ust qapağının praklatkası,Hibrid zaryatka yerin qapağının açılması üçün aktuator A0008,
praklatkasi,2,W202 gidrousluterin bacokunun ust qapağının praklatkası,Karobka praklatlasi qowa karterdi 2 eded praklatkasi lazimdi,
amazator,2,"Amazator arxa cüt qabağ cüt  Cevralit kuruz 2011",Toyota pirus qabaq amazator,
euro,2,Euro 5 turbi daccik,Adblue euro 6,
nakanecnik,2,Nakaneçnik,Nakaneçnik,
qiymetlerin,2,Prado 120 kuza 4 mator 2005 ci ile  meslehetli yağ ve yağ fi,Bu maşına aid uzuz ehtiyyat  hissələri varsa yazın Qiymətlər,
tnvd,2,F10 tnvd si en munasib qiymete kimde var,221402G000 -TNVD bağlandığı yer,
grandeur,2,"Hyundai Grandeur Azera 2011-2015  Original Abrisovka",Akamulatorun klemasinin qapagi 2011-2013 grandeur azera,
azera,2,"Hyundai Grandeur Azera 2011-2015  Original Abrisovka",Akamulatorun klemasinin qapagi 2011-2013 grandeur azera,
olunub,2,E60  M5 e Kimde ne var ? Vin qeyd olunub tesviri olaraq,"Salam, 1 ədəd Continental, 265/60/18 şəkildəki naxışlı təkə",
stablizator,2,Stablizator,Stablizator stoyka,
qeder,2,Mene Cruz 2018 ucun  hardasa 300 manata qeder disk lazimdi.,Opel vectra 1990 il aid ne qeder hisse varsa maraqlaniram,
